Company	European City / Offices
NCC Group	Manchester / London
Fox-IT / NCC Group	Delft
MDSec	Manchester
Pen Test Partners	Buckingham / London
Bridewell	London
Deloitte UK Cyber	London
PwC UK Cyber	London
EY UK Cyber	London
Secura	Eindhoven
Northwave	Utrecht
SySS	Tübingen
Code White	Ulm
usd AG	Neu-Isenburg
NSIDE Attack Logic	Munich
SEC Consult	Vienna / Munich
Adyen	Amsterdam
Booking.com	Amsterdam
ASML	Veldhoven
Monzo	London
Wise	London
Revolut	London
Starling Bank	London
JPMorgan Chase	London / Dublin
Goldman Sachs	London
Zurich Insurance	Zurich
GitHub (Microsoft)	Remote
Amazon / AWS	London / Dublin
Snyk	London
Check Point	Stockholm
